area,population,bars,stripes,colours,red,green,blue,gold,white,black,orange,circles,crosses,saltires,quarters,sunstars,crescent,triangle,icon,animate,text,landmass_1,landmass_2,landmass_3,landmass_4,landmass_5,landmass_6,zone_1,zone_2,zone_3,zone_4,language_1,language_2,language_3,language_4,language_5,language_6,language_7,language_8,language_9,language_10,religion_0,religion_1,religion_2,religion_3,religion_4,religion_5,religion_6,religion_7,mainhue_black,mainhue_blue,mainhue_brown,mainhue_gold,mainhue_green,mainhue_orange,mainhue_red,mainhue_white,topleft_black,topleft_blue,topleft_gold,topleft_green,topleft_orange,topleft_red,topleft_white,botright_black,botright_blue,botright_brown,botright_gold,botright_green,botright_orange,botright_red,botright_white
0.028925988751004373,0.015873015873015872,0.0,0.21428571428571427,0.5714285714285714,1,1,0,1,1,1,0,0.0,0.0,0.0,0.0,0.02,0,0,1,0,0,0,0,0,0,1,0,1,0,0,0,0,0,0,0,0,0,0,0,0,1,0,0,1,0,0,0,0,0,0,0,0,0,1,0,0,0,1,0,0,0,0,0,0,0,0,0,0,1,0,0,0
0.0012945272743505045,0.002976190476190476,0.0,0.0,0.2857142857142857,1,0,0,1,0,1,0,0.0,0.0,0.0,0.0,0.02,0,0,0,1,0,0,0,1,0,0,0,1,0,0,0,0,0,0,0,0,1,0,0,0,0,0,0,0,0,0,0,1,0,0,0,0,0,0,0,1,0,0,0,0,0,0,1,0,0,0,0,0,0,0,1,0
0.10659762521203464,0.01984126984126984,0.4,0.0,0.2857142857142857,1,1,0,0,1,0,0,0.0,0.0,0.0,0.0,0.02,1,0,0,0,0,0,0,0,1,0,0,1,0,0,0,0,0,0,0,0,0,0,1,0,0,0,0,1,0,0,0,0,0,0,0,0,0,1,0,0,0,0,0,0,1,0,0,0,0,0,0,0,0,0,0,1
0.0,0.0,0.0,0.0,0.5714285714285714,1,0,1,1,1,0,1,0.0,0.0,0.0,0.0,0.0,0,1,1,1,0,0,0,0,0,0,1,0,0,1,0,1,0,0,0,0,0,0,0,0,0,0,1,0,0,0,0,0,0,0,1,0,0,0,0,0,0,0,1,0,0,0,0,0,0,0,0,0,0,0,1,0
0.0,0.0,0.6,0.0,0.2857142857142857,1,0,1,1,0,0,0,0.0,0.0,0.0,0.0,0.0,0,0,0,0,0,0,0,1,0,0,0,1,0,0,0,0,0,0,0,0,1,0,0,0,0,1,0,0,0,0,0,0,0,0,0,0,1,0,0,0,0,0,1,0,0,0,0,0,0,0,0,0,0,0,1,0
0.05566467279707169,0.006944444444444444,0.0,0.14285714285714285,0.2857142857142857,1,0,0,1,0,1,0,0.0,0.0,0.0,0.0,0.02,0,0,1,0,0,0,0,0,1,0,0,0,1,0,0,0,0,0,0,0,0,0,0,0,1,0,0,0,0,0,1,0,0,0,0,0,0,0,0,1,0,0,0,0,0,0,1,0,1,0,0,0,0,0,0,0
0.0,0.0,0.0,0.07142857142857142,0.2857142857142857,0,0,1,0,1,0,1,0.0,0.0,0.0,0.0,0.0,0,0,0,1,0,1,0,0,0,0,0,0,0,0,1,1,0,0,0,0,0,0,0,0,0,0,1,0,0,0,0,0,0,0,0,0,0,0,0,0,1,0,0,0,0,0,0,1,0,1,0,0,0,0,0,0
0.0,0.0,0.0,0.07142857142857142,0.5714285714285714,1,0,1,1,1,1,0,0.0,0.0,0.0,0.0,0.02,0,1,0,0,0,1,0,0,0,0,0,0,0,0,1,1,0,0,0,0,0,0,0,0,0,0,1,0,0,0,0,0,0,0,0,0,0,0,0,1,0,1,0,0,0,0,0,0,0,0,0,0,0,0,1,0
0.12396214623694313,0.027777777777777776,0.0,0.21428571428571427,0.14285714285714285,0,0,1,0,1,0,0,0.0,0.0,0.0,0.0,0.0,0,0,0,0,0,0,1,0,0,0,0,0,0,1,0,0,1,0,0,0,0,0,0,0,0,1,0,0,0,0,0,0,0,0,1,0,0,0,0,0,0,0,1,0,0,0,0,0,0,1,0,0,0,0,0,0
0.12396214623694313,0.027777777777777776,0.0,0.21428571428571427,0.2857142857142857,0,0,1,1,1,0,0,0.0,0.0,0.0,0.0,0.02,0,0,0,0,0,0,1,0,0,0,0,0,0,1,0,0,1,0,0,0,0,0,0,0,0,1,0,0,0,0,0,0,0,0,1,0,0,0,0,0,0,0,1,0,0,0,0,0,0,1,0,0,0,0,0,0
0.3432729220605303,0.01488095238095238,0.0,0.0,0.2857142857142857,1,0,1,0,1,0,0,0.0,0.5,1.0,0.25,0.12,0,0,0,0,0,0,0,0,0,0,1,0,1,0,0,1,0,0,0,0,0,0,0,0,0,0,1,0,0,0,0,0,0,0,1,0,0,0,0,0,0,0,0,0,0,0,0,1,0,1,0,0,0,0,0,0
0.00374966520846353,0.007936507936507936,0.0,0.21428571428571427,0.14285714285714285,1,0,0,0,1,0,0,0.0,0.0,0.0,0.0,0.0,0,0,0,0,0,0,0,1,0,0,0,1,0,0,0,0,0,0,1,0,0,0,0,0,0,1,0,0,0,0,0,0,0,0,0,0,0,0,0,1,0,0,0,0,0,0,1,0,0,0,0,0,0,0,1,0
0.0008481385590572271,0.0,0.0,0.21428571428571427,0.2857142857142857,0,0,1,1,0,1,0,0.0,0.0,0.0,0.0,0.0,0,1,0,0,0,1,0,0,0,0,0,0,0,0,1,1,0,0,0,0,0,0,0,0,0,0,1,0,0,0,0,0,0,0,1,0,0,0,0,0,0,0,1,0,0,0,0,0,0,1,0,0,0,0,0,0
4.463887152932774e-05,0.0,0.0,0.0,0.14285714285714285,1,0,0,0,1,0,0,0.0,0.0,0.0,0.0,0.0,0,0,0,0,0,0,0,0,0,1,0,1,0,0,0,0,0,0,0,0,0,0,1,0,0,0,0,1,0,0,0,0,0,0,0,0,0,0,0,1,0,0,0,0,0,0,0,1,0,0,0,0,0,0,1,0
0.0063833586286938665,0.08928571428571429,0.0,0.0,0.14285714285714285,1,1,0,0,0,0,0,0.25,0.0,0.0,0.0,0.0,0,0,0,0,0,0,0,0,0,1,0,1,0,0,0,0,0,0,0,0,1,0,0,0,0,0,0,1,0,0,0,0,0,0,0,0,0,1,0,0,0,0,0,0,1,0,0,0,0,0,0,0,1,0,0,0
0.0,0.0,0.6,0.0,0.2857142857142857,0,0,1,1,0,1,0,0.0,0.0,0.0,0.0,0.0,0,0,1,0,0,1,0,0,0,0,0,0,0,0,1,1,0,0,0,0,0,0,0,0,0,0,1,0,0,0,0,0,0,0,1,0,0,0,0,0,0,0,1,0,0,0,0,0,0,1,0,0,0,0,0,0
0.00138380501740916,0.00992063492063492,0.6,0.0,0.2857142857142857,1,0,0,1,0,1,0,0.0,0.0,0.0,0.0,0.0,0,0,0,0,0,0,0,1,0,0,0,1,0,0,0,0,0,0,0,0,1,0,0,0,0,1,0,0,0,0,0,0,0,0,0,0,1,0,0,0,0,1,0,0,0,0,0,0,0,0,0,0,0,0,1,0
0.001026694045174538,0.0,0.0,0.14285714285714285,1.0,1,1,1,1,1,1,1,0.25,0.0,0.0,0.0,0.0,0,0,1,1,1,1,0,0,0,0,0,0,0,0,1,1,0,0,0,0,0,0,0,0,0,0,1,0,0,0,0,0,0,0,1,0,0,0,0,0,0,0,0,0,0,0,1,0,0,0,0,0,0,0,1,0
0.005044192482814035,0.002976190476190476,0.0,0.0,0.14285714285714285,1,1,0,0,0,0,0,0.0,0.0,0.0,0.0,0.02,0,0,0,0,0,0,0,0,1,0,0,1,0,0,0,0,0,1,0,0,0,0,0,0,0,0,0,0,0,0,1,0,0,0,0,0,0,1,0,0,0,0,0,0,1,0,0,0,0,0,0,0,1,0,0,0
0.0,0.0,0.0,0.0,0.7142857142857143,1,1,1,1,1,1,0,0.25,0.5,1.0,0.25,0.0,0,0,1,1,0,1,0,0,0,0,0,0,0,0,1,1,0,0,0,0,0,0,0,0,0,0,1,0,0,0,0,0,0,0,0,0,0,0,0,1,0,0,0,0,0,0,0,1,0,0,0,0,0,0,1,0
0.0020980269618784035,0.000992063492063492,0.0,0.0,0.42857142857142855,1,0,0,0,1,1,1,1.0,0.0,0.0,0.0,0.0,0,0,0,1,0,0,0,0,0,1,0,1,0,0,0,0,0,0,0,0,0,0,0,0,1,0,0,0,1,0,0,0,0,0,0,0,0,0,1,0,0,0,0,0,0,1,0,0,0,0,0,0,0,0,1,0
0.04905811981073119,0.005952380952380952,0.0,0.21428571428571427,0.2857142857142857,1,1,0,1,0,0,0,0.0,0.0,0.0,0.0,0.0,0,0,0,0,0,0,1,0,0,0,0,0,0,1,0,0,1,0,0,0,0,0,0,0,0,1,0,0,0,0,0,0,0,0,0,0,0,0,0,1,0,0,0,0,0,0,1,0,0,0,0,0,1,0,0,0
0.026783322917596643,0.000992063492063492,0.0,0.35714285714285715,0.2857142857142857,0,0,1,0,1,1,0,0.0,0.0,0.0,0.0,0.0,0,0,0,0,0,0,0,0,1,0,0,0,1,0,0,0,0,0,0,0,0,0,0,0,1,0,0,0,0,0,1,0,0,0,1,0,0,0,0,0,0,0,1,0,0,0,0,0,0,1,0,0,0,0,0,0
0.3799660744576377,0.11805555555555555,0.0,0.0,0.42857142857142855,0,1,1,1,1,0,0,0.25,0.0,0.0,0.0,0.44,0,0,0,0,1,0,1,0,0,0,0,0,0,1,0,0,0,0,0,0,1,0,0,0,0,1,0,0,0,0,0,0,0,0,0,0,0,1,0,0,0,0,0,0,1,0,0,0,0,0,0,0,1,0,0,0
0.0,0.0,0.0,0.0,0.7142857142857143,1,1,1,1,1,0,1,0.0,0.5,1.0,0.25,0.0,0,0,1,1,1,1,0,0,0,0,0,0,0,0,1,1,0,0,0,0,0,0,0,0,0,0,1,0,0,0,0,0,0,0,1,0,0,0,0,0,0,0,0,0,0,0,0,1,0,1,0,0,0,0,0,0
0.00026783322917596643,0.0,0.0,0.0,0.42857142857142855,1,0,0,1,1,1,0,0.0,0.0,0.0,0.0,0.0,0,1,1,1,1,0,0,0,0,1,0,1,0,0,0,0,0,0,0,0,0,0,0,0,1,0,0,1,0,0,0,0,0,0,0,0,1,0,0,0,0,0,0,0,0,0,0,1,0,0,0,1,0,0,0,0
0.004954914739755379,0.008928571428571428,0.0,0.21428571428571427,0.5714285714285714,1,1,1,1,1,0,0,0.0,0.0,0.0,0.0,0.02,0,0,1,1,0,0,0,1,0,0,0,1,0,0,0,0,0,0,0,1,0,0,0,0,0,0,0,0,0,0,0,1,0,0,0,0,0,0,0,1,0,0,0,0,0,0,0,1,0,0,0,0,0,0,1,0
0.0122310507990358,0.006944444444444444,0.0,0.14285714285714285,0.2857142857142857,1,1,0,1,0,0,0,0.0,0.0,0.0,0.0,0.02,0,0,0,0,0,0,0,0,1,0,0,0,0,0,1,0,0,1,0,0,0,0,0,0,0,0,0,0,0,0,1,0,0,0,0,0,0,0,0,1,0,0,0,0,0,0,1,0,0,0,0,0,1,0,0,0
0.030265154896884208,0.034722222222222224,0.0,0.0,0.2857142857142857,1,0,1,0,1,0,0,0.0,0.0,0.0,0.25,0.28,0,0,1,1,0,0,0,0,0,1,0,1,0,0,0,0,0,0,0,0,0,0,0,0,1,0,0,0,1,0,0,0,0,0,0,0,0,0,0,1,0,0,1,0,0,0,0,0,0,0,0,0,0,0,1,0
0.0012498884028211766,0.003968253968253968,0.0,0.0,0.2857142857142857,1,1,0,0,1,0,0,0.25,0.0,1.0,0.0,0.06,0,0,0,0,0,0,0,0,1,0,0,0,1,0,0,0,0,0,0,0,0,0,0,0,1,0,0,0,0,0,1,0,0,0,0,0,0,0,0,1,0,0,0,0,0,0,0,1,0,0,0,0,0,0,0,1
0.021158825104901347,0.007936507936507936,0.6,0.0,0.2857142857142857,1,1,0,1,0,0,0,0.0,0.0,0.0,0.0,0.02,0,0,0,0,0,0,0,0,1,0,0,1,0,0,0,0,0,1,0,0,0,0,0,0,0,0,1,0,0,0,0,0,0,0,0,0,1,0,0,0,0,0,0,0,1,0,0,0,0,0,0,1,0,0,0,0
0.44531738237657353,0.023809523809523808,0.4,0.0,0.14285714285714285,1,0,0,0,1,0,0,0.0,0.0,0.0,0.0,0.0,0,0,0,1,0,1,0,0,0,0,0,0,0,0,1,1,0,0,0,0,0,0,0,0,0,0,1,0,0,0,0,0,0,0,0,0,0,0,0,1,0,0,0,0,0,0,1,0,0,0,0,0,0,0,1,0
0.00017855548611731096,0.0,0.2,0.14285714285714285,0.5714285714285714,1,1,0,1,0,1,1,0.0,0.0,0.0,0.0,0.02,0,0,0,1,0,0,0,0,1,0,0,0,0,0,1,0,0,0,0,0,1,0,0,0,0,1,0,0,0,0,0,0,0,0,0,0,1,0,0,0,0,0,0,0,0,0,1,0,0,0,0,0,1,0,0,0
0.0,0.0,0.0,0.0,0.7142857142857143,1,1,1,1,1,0,1,0.25,0.5,1.0,0.25,0.08,0,0,1,1,1,1,0,0,0,0,0,0,0,0,1,1,0,0,0,0,0,0,0,0,0,0,1,0,0,0,0,0,0,0,1,0,0,0,0,0,0,0,0,0,0,0,0,1,0,1,0,0,0,0,0,0
0.027810016962771182,0.001984126984126984,0.2,0.0,0.5714285714285714,1,1,1,1,1,0,0,0.0,0.0,0.0,0.0,0.02,0,0,0,0,0,0,0,0,1,0,0,1,0,0,0,0,0,0,0,0,0,0,0,0,1,0,0,0,0,0,1,0,0,0,0,0,1,0,0,0,0,0,1,0,0,0,0,0,0,0,0,1,0,0,0,0
0.057316311043656816,0.003968253968253968,0.6,0.0,0.2857142857142857,1,0,1,1,0,0,0,0.0,0.0,0.0,0.0,0.0,0,0,0,0,0,0,0,0,1,0,0,1,0,0,0,0,0,1,0,0,0,0,0,0,0,0,0,0,0,0,1,0,0,0,0,0,1,0,0,0,0,0,1,0,0,0,0,0,0,0,0,0,0,0,1,0
0.0337916257477011,0.010912698412698412,0.0,0.14285714285714285,0.2857142857142857,1,0,1,0,1,0,0,0.0,0.0,0.0,0.25,0.02,0,0,0,0,0,0,1,0,0,0,0,0,0,1,0,0,1,0,0,0,0,0,0,0,0,1,0,0,0,0,0,0,0,0,0,0,0,0,0,1,0,0,1,0,0,0,0,0,0,0,0,0,0,0,1,0
0.4267922506919025,1.0,0.0,0.0,0.14285714285714285,1,0,0,1,0,0,0,0.0,0.0,0.0,0.0,0.1,0,0,0,0,0,0,0,0,0,1,0,1,0,0,0,0,0,0,0,0,0,1,0,0,0,0,0,0,0,0,0,1,0,0,0,0,0,0,0,1,0,0,0,0,0,0,1,0,0,0,0,0,0,0,1,0
0.050843674671904295,0.027777777777777776,0.0,0.21428571428571427,0.2857142857142857,1,0,1,1,0,0,0,0.0,0.0,0.0,0.0,0.0,0,0,0,0,0,0,1,0,0,0,0,0,0,0,1,0,1,0,0,0,0,0,0,0,0,1,0,0,0,0,0,0,0,0,0,0,1,0,0,0,0,0,0,1,0,0,0,0,0,0,0,0,0,0,1,0
8.927774305865548e-05,0.0,0.0,0.0,0.14285714285714285,0,1,0,0,1,0,0,0.0,0.0,0.0,0.0,0.08,1,0,0,0,0,0,0,0,1,0,0,0,1,0,0,0,0,1,0,0,0,0,0,0,0,0,0,1,0,0,0,0,0,0,0,0,0,1,0,0,0,0,0,0,1,0,0,0,0,0,0,0,1,0,0,0
0.015266494063030087,0.001984126984126984,0.0,0.0,0.2857142857142857,1,1,0,1,0,0,0,0.0,0.0,0.0,0.0,0.02,0,0,1,1,0,0,0,0,1,0,0,0,1,0,0,0,0,0,0,0,0,0,0,0,1,0,0,0,0,0,1,0,0,0,0,0,0,0,0,1,0,0,0,0,0,0,1,0,0,0,0,0,0,0,1,0
0.0,0.0,0.0,0.0,0.42857142857142855,1,0,1,0,1,0,0,0.25,0.5,1.0,0.25,0.3,0,0,0,0,0,0,0,0,0,0,1,0,0,1,0,1,0,0,0,0,0,0,0,0,0,0,1,0,0,0,0,0,0,0,1,0,0,0,0,0,0,0,0,0,0,0,0,1,0,1,0,0,0,0,0,0
0.002276582447995715,0.001984126984126984,0.0,0.35714285714285715,0.2857142857142857,1,0,1,0,1,0,0,0.0,0.0,0.0,0.0,0.0,0,0,0,0,0,1,0,0,0,0,0,0,0,0,1,0,1,0,0,0,0,0,0,0,0,1,0,0,0,0,0,0,0,0,1,0,0,0,0,0,0,0,1,0,0,0,0,0,0,1,0,0,0,0,0,0
0.00513347022587269,0.00992063492063492,0.0,0.35714285714285715,0.2857142857142857,1,0,1,0,1,0,0,0.0,0.0,0.0,0.0,0.02,0,1,0,0,0,1,0,0,0,0,0,0,0,0,1,0,1,0,0,0,0,0,0,0,0,0,0,0,0,0,0,1,0,0,1,0,0,0,0,0,0,0,1,0,0,0,0,0,0,1,0,0,0,0,0,0
0.0004017498437639496,0.000992063492063492,0.0,0.0,0.2857142857142857,0,1,0,1,1,0,0,0.0,0.0,0.0,0.0,0.0,0,0,1,1,0,0,0,1,0,0,0,1,0,0,0,0,0,0,0,0,1,0,0,0,0,0,1,0,0,0,0,0,0,0,0,0,0,0,0,0,1,0,0,0,0,0,0,1,0,0,0,0,0,0,0,1
0.005713775555753951,0.01488095238095238,0.0,0.0,0.2857142857142857,1,0,1,0,1,0,0,0.0,0.0,0.0,0.0,0.0,0,1,0,0,0,0,0,1,0,0,0,1,0,0,0,0,0,0,0,1,0,0,0,0,0,0,0,0,0,0,0,1,0,0,0,0,0,0,0,0,1,0,0,0,0,0,0,1,0,0,0,0,0,0,1,0
0.0019194714757610927,0.00496031746031746,0.0,0.0,0.14285714285714285,1,0,0,0,1,0,0,0.0,0.5,0.0,0.0,0.0,0,0,0,0,0,0,0,1,0,0,0,1,0,0,0,0,0,0,0,0,1,0,0,0,0,0,1,0,0,0,0,0,0,0,0,0,0,0,0,1,0,0,0,0,0,0,1,0,0,0,0,0,0,0,1,0
0.0009820551736452103,0.0,0.0,0.0,0.42857142857142855,1,1,1,0,1,0,0,0.0,0.0,0.0,0.0,0.02,0,1,0,0,0,0,0,0,1,0,0,1,0,0,0,0,0,1,0,0,0,0,0,0,0,0,0,1,0,0,0,0,0,0,1,0,0,0,0,0,0,0,0,0,0,0,0,1,0,0,0,0,1,0,0,0
0.0,0.0,0.0,0.0,0.7142857142857143,1,1,1,1,1,1,0,0.25,0.0,0.0,0.0,0.2,0,0,0,1,0,1,0,0,0,0,0,0,0,0,1,1,0,0,0,0,0,0,0,0,0,0,1,0,0,0,0,0,0,0,0,0,0,1,0,0,0,0,0,0,1,0,0,0,0,0,0,0,1,0,0,0
0.0021873047049370594,0.005952380952380952,0.0,0.0,0.2857142857142857,1,0,1,0,1,0,0,0.0,0.5,0.0,0.0,0.0,0,0,0,0,0,1,0,0,0,0,0,0,0,0,1,0,1,0,0,0,0,0,0,0,0,1,0,0,0,0,0,0,0,0,1,0,0,0,0,0,0,0,1,0,0,0,0,0,0,1,0,0,0,0,0,0
0.012677439514329078,0.007936507936507936,0.0,0.21428571428571427,0.2857142857142857,1,0,1,1,0,0,0,0.0,0.0,0.0,0.0,0.0,0,0,0,0,0,0,1,0,0,0,0,0,0,1,0,0,1,0,0,0,0,0,0,0,0,1,0,0,0,0,0,0,0,0,0,0,1,0,0,0,0,0,0,1,0,0,0,0,0,0,0,0,0,0,1,0
0.044683510400857065,0.04662698412698413,0.0,0.21428571428571427,0.42857142857142855,1,0,0,1,1,1,0,0.0,0.0,0.0,0.0,0.0,0,0,0,1,1,0,0,0,1,0,0,1,0,0,0,0,0,0,0,0,0,0,1,0,0,0,0,1,0,0,0,0,0,1,0,0,0,0,0,0,0,0,0,0,0,0,1,0,1,0,0,0,0,0,0,0
0.0009374163021158825,0.00496031746031746,0.0,0.21428571428571427,0.14285714285714285,0,0,1,0,1,0,0,0.0,0.0,0.0,0.0,0.0,0,0,0,0,0,1,0,0,0,0,0,0,0,0,1,0,1,0,0,0,0,0,0,0,0,1,0,0,0,0,0,0,0,0,1,0,0,0,0,0,0,0,1,0,0,0,0,0,0,1,0,0,0,0,0,0
0.0012498884028211766,0.0,0.0,0.21428571428571427,0.42857142857142855,1,1,1,0,1,0,0,0.0,0.0,0.0,0.0,0.0,0,1,0,0,0,0,0,0,1,0,0,1,0,0,0,0,0,0,0,0,0,0,0,0,1,0,0,0,0,0,1,0,0,0,0,0,0,1,0,0,0,0,0,0,1,0,0,0,0,0,0,0,0,0,1,0
0.0545487010088385,0.030753968253968252,0.0,0.21428571428571427,0.2857142857142857,1,1,0,1,0,0,0,0.0,0.0,0.0,0.0,0.0,0,0,0,0,0,0,0,0,1,0,0,1,0,0,0,0,0,0,0,0,0,0,0,0,1,0,1,0,0,0,0,0,0,0,0,0,0,1,0,0,0,0,0,0,1,0,0,0,0,0,0,0,0,0,1,0
4.463887152932774e-05,0.0,0.0,0.0,0.2857142857142857,1,0,1,0,1,0,0,0.0,0.5,0.0,0.0,0.0,0,0,0,0,0,0,0,1,0,0,0,0,0,0,1,0,0,0,0,0,1,0,0,0,0,0,1,0,0,0,0,0,0,0,0,0,0,0,0,0,1,0,0,0,0,0,0,1,0,0,0,0,0,0,0,1
0.0005356664583519329,0.0,0.0,0.0,0.7142857142857143,1,1,1,1,1,0,0,0.25,0.5,1.0,0.25,0.0,0,0,1,1,1,0,1,0,0,0,0,0,0,1,0,1,0,0,0,0,0,0,0,0,0,0,1,0,0,0,0,0,0,0,1,0,0,0,0,0,0,0,0,0,0,0,0,1,0,1,0,0,0,0,0,0
0.0008034996875278992,0.000992063492063492,0.0,0.0,0.8571428571428571,1,1,1,1,1,0,1,0.0,1.0,1.0,0.25,0.0,0,0,1,1,0,0,0,0,0,0,1,0,1,0,0,1,0,0,0,0,0,0,0,0,0,0,1,0,0,0,0,0,0,0,1,0,0,0,0,0,0,0,0,0,0,0,0,1,0,1,0,0,0,0,0,0
0.015043299705383447,0.00496031746031746,0.0,0.0,0.14285714285714285,0,0,1,0,1,0,0,0.0,0.5,0.0,0.0,0.0,0,0,0,0,0,0,0,1,0,0,0,1,0,0,0,0,0,0,0,0,0,0,0,1,0,0,1,0,0,0,0,0,0,0,0,0,0,0,0,0,1,0,0,0,0,0,0,1,0,0,0,0,0,0,0,1
0.02441746272654227,0.05357142857142857,0.6,0.0,0.2857142857142857,1,0,1,0,1,0,0,0.0,0.0,0.0,0.0,0.0,0,0,0,0,0,0,0,1,0,0,0,1,0,0,0,0,0,1,0,0,0,0,0,0,0,1,0,0,0,0,0,0,0,0,0,0,0,0,0,0,1,0,1,0,0,0,0,0,0,0,0,0,0,0,1,0
0.004062137309168825,0.0,0.6,0.0,0.2857142857142857,1,0,1,0,1,0,0,0.0,0.0,0.0,0.0,0.0,0,0,0,0,0,0,1,0,0,0,0,0,0,0,1,0,0,1,0,0,0,0,0,0,0,1,0,0,0,0,0,0,0,0,0,0,0,0,0,0,1,0,1,0,0,0,0,0,0,0,0,0,0,0,1,0
0.00017855548611731096,0.0,0.0,0.21428571428571427,0.5714285714285714,1,0,1,1,1,1,0,0.25,0.0,0.0,0.0,0.02,0,0,1,0,0,0,0,0,0,0,1,0,0,1,0,0,0,1,0,0,0,0,0,0,0,1,0,0,0,0,0,0,0,0,0,0,0,0,0,1,0,0,0,0,0,0,1,0,0,0,0,0,0,0,1,0
0.011963217569859835,0.000992063492063492,0.0,0.21428571428571427,0.2857142857142857,0,1,1,1,0,0,0,0.0,0.0,0.0,0.0,0.0,0,0,0,0,0,0,0,0,1,0,0,0,1,0,0,0,0,0,0,0,0,0,0,0,1,0,0,0,0,0,1,0,0,0,0,0,0,1,0,0,0,0,0,0,1,0,0,0,0,1,0,0,0,0,0,0
0.0004463887152932774,0.000992063492063492,0.0,0.35714285714285715,0.42857142857142855,1,1,1,0,1,0,0,0.0,0.0,0.0,0.0,0.0,0,0,0,0,0,0,0,0,1,0,0,0,0,0,1,1,0,0,0,0,0,0,0,0,0,0,0,0,0,0,1,0,0,0,0,0,0,0,0,1,0,0,0,0,0,0,1,0,0,0,0,0,1,0,0,0
0.0048209981251673955,0.016865079365079364,0.0,0.21428571428571427,0.2857142857142857,1,0,0,1,0,1,0,0.0,0.0,0.0,0.0,0.0,0,0,1,0,0,0,0,1,0,0,0,1,0,0,0,0,0,0,1,0,0,0,0,0,0,0,0,0,0,0,0,1,0,0,0,0,1,0,0,0,0,1,0,0,0,0,0,0,0,0,0,1,0,0,0,0
0.011115079010802607,0.060515873015873016,0.0,0.21428571428571427,0.2857142857142857,1,0,0,1,0,1,0,0.0,0.0,0.0,0.0,0.0,0,0,0,0,0,0,0,1,0,0,0,1,0,0,0,0,0,0,1,0,0,0,0,0,0,0,1,0,0,0,0,0,0,1,0,0,0,0,0,0,0,1,0,0,0,0,0,0,0,0,0,1,0,0,0,0
0.01066869029550933,0.013888888888888888,0.0,0.21428571428571427,0.42857142857142855,1,1,0,1,0,1,0,0.0,0.0,0.0,0.0,0.02,0,0,0,0,0,0,0,0,1,0,0,0,0,0,1,1,0,0,0,0,0,0,0,0,0,0,0,0,0,0,1,0,0,0,0,0,0,0,0,1,0,0,0,0,0,0,1,0,0,0,0,0,1,0,0,0
0.0,0.0,0.0,0.07142857142857142,0.2857142857142857,1,0,0,1,1,0,0,0.0,0.0,0.0,0.0,0.0,0,0,1,0,0,0,0,1,0,0,0,0,0,0,1,1,0,0,0,0,0,0,0,0,0,0,1,0,0,0,0,0,0,0,0,0,0,0,0,0,1,0,0,0,0,0,0,1,0,0,0,0,0,0,1,0
0.0058923310418712615,0.00992063492063492,0.0,0.6428571428571429,0.14285714285714285,0,0,1,0,1,0,0,0.0,0.5,0.0,0.25,0.0,0,0,0,0,0,0,0,1,0,0,0,1,0,0,0,0,0,0,0,0,1,0,0,0,0,0,1,0,0,0,0,0,0,0,1,0,0,0,0,0,0,0,1,0,0,0,0,0,0,1,0,0,0,0,0,0
0.09713418444781716,0.0,0.0,0.0,0.14285714285714285,1,0,0,0,1,0,0,0.25,0.0,0.0,0.0,0.0,0,0,0,0,0,1,0,0,0,0,0,0,0,0,1,0,0,0,0,0,1,0,0,0,0,0,1,0,0,0,0,0,0,0,0,0,0,0,0,0,1,0,0,0,0,0,0,1,0,0,0,0,0,0,1,0
0.0,0.0,0.0,0.0,0.2857142857142857,1,1,0,1,0,0,0,0.25,0.0,0.0,0.0,0.14,0,1,0,1,0,1,0,0,0,0,0,0,0,0,1,1,0,0,0,0,0,0,0,0,0,0,1,0,0,0,0,0,0,0,0,0,1,0,0,0,0,0,0,0,0,0,1,0,0,0,0,0,0,0,1,0
0.0,0.0,0.0,0.0,0.8571428571428571,1,1,1,1,1,0,1,0.0,0.0,0.0,0.0,0.0,0,0,1,1,1,0,0,0,0,0,1,1,0,0,0,1,0,0,0,0,0,0,0,0,0,0,1,0,0,0,0,0,0,0,1,0,0,0,0,0,0,0,0,0,0,0,1,0,0,0,0,0,0,0,1,0
0.004865636996696724,0.007936507936507936,0.6,0.0,0.14285714285714285,0,0,1,0,1,0,0,0.0,0.0,0.0,0.0,0.0,0,0,0,0,0,1,0,0,0,0,0,0,0,0,1,0,1,0,0,0,0,0,0,0,0,1,0,0,0,0,0,0,0,0,1,0,0,0,0,0,0,0,1,0,0,0,0,0,0,1,0,0,0,0,0,0
0.010981162396214625,0.005952380952380952,0.6,0.0,0.2857142857142857,1,1,0,1,0,0,0,0.0,0.0,0.0,0.0,0.0,0,0,0,0,0,0,0,0,1,0,0,0,0,0,1,0,0,1,0,0,0,0,0,0,0,0,0,1,0,0,0,0,0,0,0,0,1,0,0,0,0,0,0,0,0,0,1,0,0,0,0,0,1,0,0,0
0.0016069993750557985,0.000992063492063492,0.2,0.14285714285714285,0.42857142857142855,1,1,0,1,0,1,0,0.0,0.0,0.0,0.0,0.02,0,0,0,0,0,0,0,0,1,0,0,0,0,0,1,0,0,0,0,0,1,0,0,0,0,0,0,0,0,0,1,0,0,0,0,0,1,0,0,0,0,0,0,0,0,0,1,0,0,0,0,0,1,0,0,0
0.009597357378805463,0.000992063492063492,0.0,0.0,0.5714285714285714,1,1,0,1,1,1,0,0.0,0.0,0.0,0.0,0.0,0,1,0,0,0,0,1,0,0,0,0,0,0,0,1,1,0,0,0,0,0,0,0,0,0,0,0,0,0,1,0,0,0,0,0,0,0,1,0,0,0,1,0,0,0,0,0,0,0,0,0,0,1,0,0,0
0.0012498884028211766,0.005952380952380952,0.4,0.0,0.14285714285714285,1,0,0,0,0,1,0,0.0,0.0,0.0,0.0,0.0,0,0,0,0,0,1,0,0,0,0,0,0,0,0,1,0,0,1,0,0,0,0,0,0,0,1,0,0,0,0,0,0,0,1,0,0,0,0,0,0,0,1,0,0,0,0,0,0,0,0,0,0,0,0,1,0
0.004999553611284706,0.003968253968253968,0.0,0.21428571428571427,0.14285714285714285,0,0,1,0,1,0,0,0.0,0.0,0.0,0.0,0.1,0,0,0,0,0,1,0,0,0,0,0,0,0,0,1,0,1,0,0,0,0,0,0,0,0,1,0,0,0,0,0,0,0,0,1,0,0,0,0,0,0,0,1,0,0,0,0,0,0,1,0,0,0,0,0,0
4.463887152932774e-05,0.00496031746031746,0.0,0.0,0.7142857142857143,1,1,1,1,1,0,1,0.25,0.5,1.0,0.25,0.0,0,0,1,1,1,0,0,0,0,1,0,1,0,0,0,0,0,0,0,0,0,1,0,0,0,0,0,0,1,0,0,0,0,0,1,0,0,0,0,0,0,0,0,0,0,0,0,1,0,1,0,0,0,0,0,0
0.00415141505222748,0.010912698412698412,0.0,0.21428571428571427,0.2857142857142857,1,1,0,0,1,0,0,0.0,0.0,0.0,0.0,0.0,0,0,0,0,0,0,0,1,0,0,0,1,0,0,0,0,0,0,0,0,0,0,0,1,0,0,0,0,0,0,0,1,0,0,0,0,0,0,0,1,0,0,0,0,0,0,1,0,0,0,0,0,1,0,0,0
0.004597803767520757,0.0,0.0,0.0,0.2857142857142857,1,0,1,0,1,0,0,0.0,0.5,0.0,0.0,0.0,0,0,0,0,0,0,0,1,0,0,0,0,0,0,1,0,0,0,0,0,1,0,0,0,0,0,1,0,0,0,0,0,0,0,1,0,0,0,0,0,0,0,1,0,0,0,0,0,0,1,0,0,0,0,0,0
0.14587983215784306,0.6785714285714286,0.0,0.21428571428571427,0.42857142857142855,0,1,1,0,1,0,1,0.25,0.0,0.0,0.0,0.0,0,0,1,0,0,0,0,0,0,1,0,1,0,0,0,0,0,0,0,0,1,0,0,0,0,0,0,0,0,1,0,0,0,0,0,0,0,0,1,0,0,0,0,0,0,1,0,0,0,0,0,0,1,0,0,0
0.08499241139184001,0.15575396825396826,0.0,0.14285714285714285,0.14285714285714285,1,0,0,0,1,0,0,0.0,0.0,0.0,0.0,0.0,0,0,0,0,0,0,0,0,0,0,1,0,1,0,0,0,0,0,0,0,0,0,0,0,1,0,0,1,0,0,0,0,0,0,0,0,0,0,0,1,0,0,0,0,0,0,1,0,0,0,0,0,0,0,0,1
0.07356486028033211,0.03869047619047619,0.0,0.21428571428571427,0.2857142857142857,1,1,0,0,1,0,0,0.0,0.0,0.0,0.0,0.0,0,0,1,0,1,0,0,0,0,1,0,1,0,0,0,0,0,0,0,0,1,0,0,0,0,0,0,1,0,0,0,0,0,0,0,0,0,0,0,1,0,0,0,0,1,0,0,0,0,0,0,0,0,0,1,0
0.019417909115257568,0.013888888888888888,0.0,0.21428571428571427,0.42857142857142855,1,1,0,0,1,1,0,0.0,0.0,0.0,0.0,0.06,0,0,0,0,0,0,0,0,0,1,0,1,0,0,0,0,0,0,0,0,0,0,1,0,0,0,0,1,0,0,0,0,0,0,0,0,0,0,0,1,0,0,0,0,0,0,1,0,1,0,0,0,0,0,0,0
0.0031247210070529416,0.002976190476190476,0.6,0.0,0.2857142857142857,0,1,0,0,1,0,1,0.0,0.0,0.0,0.0,0.0,0,0,0,0,0,0,0,1,0,0,0,0,0,0,1,1,0,0,0,0,0,0,0,0,0,1,0,0,0,0,0,0,0,0,0,0,0,0,0,0,1,0,0,0,1,0,0,0,0,0,0,0,0,1,0,0
0.0009374163021158825,0.003968253968253968,0.0,0.14285714285714285,0.14285714285714285,0,0,1,0,1,0,0,0.0,0.0,0.0,0.0,0.02,0,0,0,0,0,0,0,0,0,1,0,1,0,0,0,0,0,0,0,0,0,0,0,0,1,0,0,0,0,0,0,0,1,0,0,0,0,0,0,0,1,0,1,0,0,0,0,0,0,1,0,0,0,0,0,0
0.013436300330327649,0.05654761904761905,0.6,0.0,0.2857142857142857,1,1,0,0,1,0,0,0.0,0.0,0.0,0.0,0.0,0,0,0,0,0,0,0,1,0,0,0,1,0,0,0,0,0,0,0,0,1,0,0,0,0,1,0,0,0,0,0,0,0,0,0,0,0,0,0,0,1,0,0,0,1,0,0,0,0,0,0,0,0,0,1,0
0.014418355503972859,0.006944444444444444,0.6,0.0,0.2857142857142857,1,1,0,0,1,0,0,0.0,0.0,0.0,0.0,0.0,0,0,0,0,0,0,0,0,1,0,0,0,0,0,1,0,0,1,0,0,0,0,0,0,0,0,0,0,0,0,1,0,0,0,0,0,0,0,0,0,1,0,0,0,0,0,1,0,0,0,0,0,1,0,0,0
0.0004910275868226052,0.001984126984126984,0.0,0.0,0.2857142857142857,0,1,0,1,0,1,0,0.0,0.0,1.0,0.0,0.0,0,1,0,0,0,1,0,0,0,0,0,0,0,0,1,1,0,0,0,0,0,0,0,0,0,0,1,0,0,0,0,0,0,0,0,0,0,1,0,0,0,0,0,1,0,0,0,0,0,0,0,1,0,0,0,0
0.01660566020890992,0.11706349206349206,0.0,0.0,0.14285714285714285,1,0,0,0,1,0,0,0.25,0.0,0.0,0.0,0.02,0,0,0,0,0,0,0,0,0,1,0,1,0,0,0,0,0,0,0,0,0,0,0,1,0,0,0,0,0,0,0,0,1,0,0,0,0,0,0,0,1,0,0,0,0,0,0,1,0,0,0,0,0,0,0,1
0.004374609409874119,0.001984126984126984,0.0,0.21428571428571427,0.42857142857142855,1,1,0,0,1,1,0,0.0,0.0,0.0,0.0,0.02,0,1,0,0,0,0,0,0,0,1,0,1,0,0,0,0,0,0,0,0,0,0,1,0,0,0,0,1,0,0,0,0,0,1,0,0,0,0,0,0,0,1,0,0,0,0,0,0,0,0,0,0,1,0,0,0
0.00807963574680832,0.005952380952380952,0.0,0.0,0.14285714285714285,1,0,0,1,0,0,0,0.0,0.0,0.0,0.0,0.0,0,0,1,0,0,0,0,0,0,1,0,1,0,0,0,0,0,0,0,0,0,0,0,0,1,0,0,0,1,0,0,0,0,0,0,0,0,0,0,1,0,0,0,0,0,0,1,0,0,0,0,0,0,0,1,0
0.026024462101598072,0.016865079365079364,0.0,0.35714285714285715,0.42857142857142855,1,1,0,0,1,1,0,0.25,0.0,0.0,0.0,0.0,0,0,1,0,0,0,0,0,1,0,0,1,0,0,0,0,0,0,0,0,0,0,0,0,1,0,0,0,0,0,1,0,0,0,0,0,0,0,0,1,0,1,0,0,0,0,0,0,0,0,0,0,1,0,0,0
0.0,0.0,0.0,0.0,0.42857142857142855,1,0,1,1,1,0,0,0.0,0.0,0.0,0.0,0.02,0,0,1,1,0,0,0,0,0,0,1,1,0,0,0,1,0,0,0,0,0,0,0,0,0,0,1,0,0,0,0,0,0,0,0,0,0,0,0,1,0,0,0,0,0,0,1,0,0,1,0,0,0,0,0,0
0.0008034996875278992,0.001984126984126984,0.0,0.21428571428571427,0.42857142857142855,1,1,0,0,1,1,0,0.0,0.0,0.0,0.0,0.0,0,0,0,0,0,0,0,0,0,1,0,1,0,0,0,0,0,0,0,0,0,0,1,0,0,0,0,1,0,0,0,0,0,0,0,0,0,1,0,0,0,0,0,0,1,0,0,0,0,0,0,0,0,0,1,0
0.010534773680921346,0.002976190476190476,0.0,0.21428571428571427,0.2857142857142857,1,0,1,0,1,0,0,0.25,0.0,0.0,0.0,0.0,0,0,0,0,0,0,0,0,0,1,0,1,0,0,0,0,0,0,0,0,0,0,0,0,1,0,0,0,0,0,0,1,0,0,0,0,0,0,0,1,0,0,0,0,0,0,1,0,0,0,0,0,0,0,1,0
0.0004463887152932774,0.002976190476190476,0.0,0.14285714285714285,0.42857142857142855,1,1,0,0,1,0,1,0.0,0.0,0.0,0.0,0.0,0,0,0,1,0,0,0,0,0,1,0,1,0,0,0,0,0,0,0,0,0,0,1,0,0,0,0,1,0,0,0,0,0,0,0,0,0,0,0,1,0,0,0,0,0,0,1,0,0,0,0,0,0,0,1,0
0.0013391661458798322,0.000992063492063492,0.4,0.0,0.42857142857142855,1,1,1,0,1,0,0,0.0,0.0,0.0,0.0,0.0,0,0,1,0,0,0,0,0,1,0,0,0,1,0,0,0,0,0,0,0,0,0,0,0,1,0,0,0,0,0,1,0,0,0,1,0,0,0,0,0,0,0,0,0,1,0,0,0,0,1,0,0,0,0,0,0
0.004954914739755379,0.000992063492063492,0.0,0.7857142857142857,0.2857142857142857,1,0,1,0,1,0,0,0.0,0.0,0.0,0.25,0.02,0,0,0,0,0,0,0,0,1,0,0,0,0,0,1,0,0,0,0,0,0,0,0,0,1,0,0,0,0,0,1,0,0,0,0,0,0,0,0,1,0,0,1,0,0,0,0,0,0,0,0,0,0,0,1,0
0.07856441389161682,0.002976190476190476,0.0,0.0,0.0,0,1,0,0,0,0,0,0.0,0.0,0.0,0.0,0.0,0,0,0,0,0,0,0,0,1,0,0,1,0,0,0,0,0,0,0,0,0,0,1,0,0,0,0,1,0,0,0,0,0,0,0,0,0,1,0,0,0,0,0,0,1,0,0,0,0,0,0,0,1,0,0,0
0.0,0.0,0.0,0.14285714285714285,0.2857142857142857,1,0,1,1,0,0,0,0.0,0.0,0.0,0.0,0.0,0,0,1,0,0,0,0,1,0,0,0,1,0,0,0,0,0,0,1,0,0,0,0,0,0,1,0,0,0,0,0,0,0,0,0,0,0,0,0,1,0,0,1,0,0,0,0,0,0,0,0,0,0,0,1,0
0.00013391661458798322,0.0,0.0,0.21428571428571427,0.2857142857142857,1,0,1,0,1,0,0,0.0,0.0,0.0,0.0,0.0,0,0,0,0,0,0,0,1,0,0,0,1,0,0,0,0,0,0,1,0,0,0,0,0,0,1,0,0,0,0,0,0,0,0,0,0,0,0,0,1,0,0,0,0,0,0,1,0,0,1,0,0,0,0,0,0
0.026203017587715382,0.008928571428571428,0.2,0.14285714285714285,0.2857142857142857,1,1,0,0,1,0,0,0.0,0.0,0.0,0.0,0.0,0,0,0,0,0,0,0,0,1,0,0,0,1,0,0,0,0,0,0,0,0,0,0,0,1,0,1,0,0,0,0,0,0,0,0,0,0,0,0,1,0,0,0,0,0,0,0,1,0,0,0,0,1,0,0,0
0.005267386840460673,0.005952380952380952,0.0,0.21428571428571427,0.2857142857142857,1,1,0,0,0,1,0,0.0,0.0,0.0,0.0,0.02,0,0,0,0,0,0,0,0,1,0,0,0,1,0,0,0,0,0,0,0,0,0,0,0,1,0,0,0,0,0,1,0,0,0,0,0,0,0,0,1,0,1,0,0,0,0,0,0,0,0,0,0,1,0,0,0
0.014864744219266137,0.012896825396825396,0.0,1.0,0.42857142857142855,1,0,1,1,1,0,0,0.0,0.0,0.0,0.25,0.02,1,0,0,0,0,0,0,0,0,1,0,1,0,0,0,0,0,0,0,0,0,0,0,0,1,0,0,1,0,0,0,0,0,0,0,0,0,0,0,1,0,0,1,0,0,0,0,0,0,0,0,0,0,0,0,1
0.0,0.0,0.0,0.0,0.2857142857142857,1,1,0,0,1,0,0,0.0,0.0,0.0,0.0,0.0,1,0,0,0,0,0,0,0,0,1,0,1,0,0,0,0,0,0,0,0,0,0,0,0,1,0,0,1,0,0,0,0,0,0,0,0,0,0,0,1,0,0,0,0,0,0,1,0,0,0,0,0,0,0,1,0
0.0553522006963664,0.006944444444444444,0.6,0.0,0.2857142857142857,1,1,0,1,0,0,0,0.0,0.0,0.0,0.0,0.0,0,0,0,0,0,0,0,0,1,0,0,0,0,0,1,0,0,1,0,0,0,0,0,0,0,0,0,1,0,0,0,0,0,0,0,0,1,0,0,0,0,0,0,0,1,0,0,0,0,0,0,0,0,0,1,0
0.0,0.0,0.4,0.0,0.2857142857142857,1,0,0,0,1,1,0,0.0,0.5,0.0,0.0,0.0,0,0,1,0,0,0,0,1,0,0,0,1,0,0,0,0,0,0,0,0,0,0,0,0,1,1,0,0,0,0,0,0,0,0,0,0,0,0,0,1,0,0,0,0,0,0,0,1,0,0,0,0,0,0,1,0
0.0,0.0,0.0,0.0,0.2857142857142857,0,0,1,0,1,0,0,0.0,0.0,0.0,0.0,0.02,0,0,1,0,0,0,0,0,0,0,1,1,0,0,0,0,0,0,0,0,0,0,0,0,1,0,1,0,0,0,0,0,0,0,1,0,0,0,0,0,0,0,1,0,0,0,0,0,0,1,0,0,0,0,0,0
0.0460226765467369,0.001984126984126984,0.0,0.0,0.14285714285714285,0,1,0,1,0,0,0,0.0,0.0,0.0,0.0,0.02,1,0,0,0,0,0,0,0,1,0,0,0,0,0,1,0,0,0,0,0,0,0,1,0,0,0,0,1,0,0,0,0,0,0,0,0,0,1,0,0,0,0,0,0,1,0,0,0,0,0,0,0,1,0,0,0
8.927774305865548e-05,0.000992063492063492,0.0,0.2857142857142857,0.42857142857142855,1,1,1,1,0,0,0,0.0,0.0,0.0,0.0,0.0,0,0,0,0,0,0,0,0,1,0,0,0,1,0,0,1,0,0,0,0,0,0,0,0,0,0,0,0,0,1,0,0,0,0,0,0,0,0,0,1,0,0,0,0,0,0,1,0,0,0,0,0,1,0,0,0
0.08807249352736363,0.0763888888888889,0.6,0.0,0.42857142857142855,1,1,0,0,1,0,1,0.0,0.0,0.0,0.0,0.0,0,0,0,1,0,1,0,0,0,0,0,0,0,0,1,0,1,0,0,0,0,0,0,0,0,1,0,0,0,0,0,0,0,0,0,0,0,1,0,0,0,0,0,0,1,0,0,0,0,0,0,0,0,0,1,0
4.463887152932774e-05,0.0,0.0,0.0,0.14285714285714285,0,0,1,0,1,0,0,0.0,0.0,0.0,0.0,0.08,0,0,0,0,0,0,0,0,0,0,1,1,0,0,0,0,0,0,0,0,0,0,0,0,1,0,1,0,0,0,0,0,0,0,1,0,0,0,0,0,0,0,1,0,0,0,0,0,0,1,0,0,0,0,0,0
0.0,0.0,0.0,0.14285714285714285,0.14285714285714285,1,0,0,0,1,0,0,0.0,0.0,0.0,0.0,0.0,0,0,0,0,0,0,0,1,0,0,0,1,0,0,0,0,0,1,0,0,0,0,0,0,0,1,0,0,0,0,0,0,0,0,0,0,0,0,0,1,0,0,0,0,0,0,1,0,0,0,0,0,0,0,0,1
0.06990447281492723,0.001984126984126984,0.6,0.0,0.2857142857142857,1,0,1,1,0,0,0,0.5,0.0,0.0,0.0,0.02,1,1,1,0,0,0,0,0,0,1,0,1,0,0,0,0,0,0,0,0,0,0,0,0,1,0,0,0,0,0,0,1,0,0,0,0,0,0,0,1,0,0,0,0,0,0,1,0,0,0,0,0,0,0,1,0
0.0,0.0,0.0,0.0,0.8571428571428571,1,1,1,1,1,1,0,0.0,1.0,1.0,0.25,0.0,0,0,1,1,0,1,0,0,0,0,0,0,0,0,1,1,0,0,0,0,0,0,0,0,0,0,1,0,0,0,0,0,0,0,1,0,0,0,0,0,0,0,0,0,0,0,0,1,0,1,0,0,0,0,0,0
0.019953575573609498,0.01984126984126984,0.0,0.0,0.14285714285714285,1,1,0,0,0,0,0,0.0,0.0,0.0,0.0,0.02,0,0,0,0,0,0,0,0,1,0,0,0,0,0,1,0,0,0,0,0,0,0,1,0,0,0,0,1,0,0,0,0,0,0,0,0,0,0,0,1,0,0,0,0,0,0,1,0,0,0,0,0,0,0,1,0
0.034952236407463616,0.011904761904761904,0.0,0.35714285714285715,0.5714285714285714,1,1,0,1,1,1,0,0.0,0.0,0.0,0.0,0.02,0,1,1,0,0,0,0,0,1,0,0,0,1,0,0,0,0,0,0,0,0,0,0,0,1,0,0,0,0,0,1,0,0,0,0,0,1,0,0,0,0,0,0,0,1,0,0,0,0,0,0,1,0,0,0,0
0.0,0.0,0.0,0.21428571428571427,0.2857142857142857,0,0,1,1,1,0,0,0.0,0.0,0.0,0.0,0.02,0,0,0,0,0,0,0,0,0,0,1,0,1,0,0,0,0,0,0,0,0,0,0,0,1,0,1,0,0,0,0,0,0,0,1,0,0,0,0,0,0,0,1,0,0,0,0,0,0,1,0,0,0,0,0,0
0.006249442014105883,0.015873015873015872,0.0,0.0,0.2857142857142857,0,0,1,0,1,0,1,0.0,0.0,0.0,0.0,0.04,1,0,0,0,0,0,0,0,0,1,0,1,0,0,0,0,0,0,0,0,0,0,0,0,1,0,0,0,0,1,0,0,0,0,0,1,0,0,0,0,0,0,1,0,0,0,0,0,0,1,0,0,0,0,0,0
0.0018301937327024373,0.013888888888888888,0.0,0.21428571428571427,0.2857142857142857,1,0,1,0,1,0,0,0.0,0.0,0.0,0.0,0.0,0,0,0,0,0,0,0,1,0,0,0,1,0,0,0,0,0,0,0,0,1,0,0,0,0,0,1,0,0,0,0,0,0,0,0,0,0,0,0,1,0,0,0,0,0,0,1,0,0,1,0,0,0,0,0,0
0.0,0.0,0.0,0.07142857142857142,0.2857142857142857,1,0,1,0,1,0,0,0.0,0.0,0.0,0.0,0.12,0,0,0,0,0,1,0,0,0,0,0,0,0,0,1,0,0,0,0,0,1,0,0,0,0,0,1,0,0,0,0,0,0,0,0,0,0,0,0,0,1,0,0,0,0,0,0,1,0,0,0,0,0,0,0,1
0.011963217569859835,0.001984126984126984,0.0,0.0,0.2857142857142857,1,0,1,0,1,0,0,0.0,0.5,1.0,0.25,0.08,0,0,0,0,0,0,0,0,0,0,1,0,1,0,0,1,0,0,0,0,0,0,0,0,0,0,1,0,0,0,0,0,0,0,1,0,0,0,0,0,0,0,0,0,0,0,0,1,0,1,0,0,0,0,0,0
0.005713775555753951,0.002976190476190476,0.0,0.21428571428571427,0.14285714285714285,0,0,1,0,1,0,0,0.0,0.0,0.0,0.0,0.0,0,0,0,0,0,1,0,0,0,0,0,0,0,0,1,0,1,0,0,0,0,0,0,0,0,1,0,0,0,0,0,0,0,0,1,0,0,0,0,0,0,0,1,0,0,0,0,0,0,1,0,0,0,0,0,0
0.05655745022765824,0.00496031746031746,0.0,0.21428571428571427,0.2857142857142857,0,1,0,0,1,0,1,0.25,0.0,0.0,0.0,0.0,0,0,0,0,0,0,0,0,1,0,0,1,0,0,0,0,0,1,0,0,0,0,0,0,0,0,0,1,0,0,0,0,0,0,0,0,0,0,1,0,0,0,0,0,0,1,0,0,0,0,0,0,1,0,0,0
0.041290956164628155,0.05555555555555555,0.6,0.0,0.14285714285714285,0,1,0,0,1,0,0,0.0,0.0,0.0,0.0,0.0,0,0,0,0,0,0,0,0,1,0,0,1,0,0,0,0,0,0,0,0,0,0,0,0,1,0,0,1,0,0,0,0,0,0,0,0,0,1,0,0,0,0,0,0,1,0,0,0,0,0,0,0,1,0,0,0
0.0,0.0,0.0,0.0,0.42857142857142855,1,0,1,1,1,0,0,0.25,0.5,1.0,0.25,0.1,0,0,0,0,0,0,0,0,0,0,1,0,0,1,0,1,0,0,0,0,0,0,0,0,0,0,1,0,0,0,0,0,0,0,0,0,1,0,0,0,0,0,0,0,0,0,0,1,0,0,0,1,0,0,0,0
0.005401303455048656,0.017857142857142856,0.0,0.35714285714285715,0.2857142857142857,1,0,1,0,1,0,0,0.25,0.0,0.0,0.0,0.02,0,0,0,0,0,0,0,0,0,1,0,1,0,0,0,0,0,0,0,0,0,0,0,0,1,0,0,0,0,0,0,1,0,0,1,0,0,0,0,0,0,0,1,0,0,0,0,0,0,1,0,0,0,0,0,0
0.008704579948218908,0.008928571428571428,0.0,0.21428571428571427,0.42857142857142855,1,1,0,0,1,1,0,0.0,0.0,0.0,0.0,0.02,0,0,0,0,0,0,0,0,0,1,0,1,0,0,0,0,0,0,0,0,0,0,1,0,0,0,0,1,0,0,0,0,0,0,0,0,0,0,0,1,0,0,0,0,0,0,1,0,1,0,0,0,0,0,0,0
0.014462994375502186,0.003968253968253968,0.0,0.0,0.2857142857142857,1,0,1,0,1,0,0,0.0,0.5,0.0,0.0,0.0,0,0,0,0,0,0,0,1,0,0,0,1,0,0,0,0,0,0,0,0,1,0,0,0,0,0,1,0,0,0,0,0,0,0,0,0,0,0,0,1,0,0,0,0,0,0,1,0,0,0,0,0,0,0,1,0
0.009463440764217481,0.000992063492063492,0.0,0.14285714285714285,0.2857142857142857,1,1,0,0,1,0,0,0.0,0.0,0.0,0.0,0.0,0,0,1,0,0,0,0,0,0,1,0,1,0,0,0,0,0,0,0,0,0,0,1,0,0,0,0,1,0,0,0,0,0,0,0,0,0,0,0,1,0,0,0,0,0,0,1,0,0,0,0,0,1,0,0,0
0.0358896527095795,0.08333333333333333,0.2,0.0,0.14285714285714285,0,1,0,0,1,0,0,0.0,0.0,0.0,0.0,0.02,1,0,0,0,0,0,0,0,0,1,0,1,0,0,0,0,0,0,0,0,1,0,0,0,0,0,0,1,0,0,0,0,0,0,0,0,0,1,0,0,0,0,0,0,0,0,0,1,0,0,0,0,1,0,0,0
0.0033925542362289083,0.001984126984126984,0.0,0.0,0.2857142857142857,1,0,1,0,1,0,0,0.0,0.0,0.0,1.0,0.04,0,0,0,0,0,0,1,0,0,0,0,0,0,0,1,0,1,0,0,0,0,0,0,0,0,1,0,0,0,0,0,0,0,0,0,0,0,0,0,1,0,0,0,0,0,0,0,1,0,0,0,0,0,0,0,1
0.02066779751807874,0.002976190476190476,0.0,0.0,0.42857142857142855,1,0,0,1,1,1,0,0.0,0.0,0.0,0.0,0.1,0,1,0,1,0,0,0,0,0,0,1,0,1,0,0,1,0,0,0,0,0,0,0,0,0,0,0,0,0,0,1,0,0,1,0,0,0,0,0,0,0,0,0,0,0,0,1,0,1,0,0,0,0,0,0,0
0.01816802071243639,0.002976190476190476,0.0,0.21428571428571427,0.7142857142857143,1,1,1,1,1,1,0,0.25,0.0,0.0,0.0,0.02,0,0,1,1,1,0,1,0,0,0,0,0,0,1,0,0,1,0,0,0,0,0,0,0,0,1,0,0,0,0,0,0,0,0,0,0,0,0,0,1,0,0,0,0,0,0,1,0,0,1,0,0,0,0,0,0
0.057360949915186143,0.013888888888888888,0.6,0.0,0.14285714285714285,1,0,0,0,1,0,0,0.0,0.0,0.0,0.0,0.0,0,0,0,0,0,0,1,0,0,0,0,0,0,1,0,0,1,0,0,0,0,0,0,0,0,1,0,0,0,0,0,0,0,0,0,0,0,0,0,1,0,0,0,0,0,0,1,0,0,0,0,0,0,0,1,0
0.013391661458798321,0.047619047619047616,0.0,0.0,0.42857142857142855,1,0,1,1,1,0,0,0.0,0.0,0.0,0.0,0.08,0,1,0,0,0,0,0,0,0,0,1,1,0,0,0,0,0,0,0,0,0,0,0,0,1,1,0,0,0,0,0,0,0,0,1,0,0,0,0,0,0,0,1,0,0,0,0,0,0,0,0,0,0,0,1,0
0.013971966788679582,0.03571428571428571,0.0,0.14285714285714285,0.14285714285714285,1,0,0,0,1,0,0,0.0,0.0,0.0,0.0,0.0,0,0,0,0,0,0,0,1,0,0,0,1,0,0,0,0,0,0,0,1,0,0,0,0,0,0,0,0,0,0,0,1,0,0,0,0,0,0,0,0,1,0,0,0,0,0,0,1,0,0,0,0,0,0,1,0
0.004106776180698152,0.00992063492063492,0.0,0.0,0.5714285714285714,1,1,1,1,1,0,0,0.25,0.0,0.0,0.0,0.0,0,0,1,0,0,0,0,1,0,0,0,0,0,0,1,0,0,0,0,0,1,0,0,0,0,1,0,0,0,0,0,0,0,0,0,0,0,0,0,1,0,0,0,0,1,0,0,0,0,0,0,0,0,0,1,0
0.0004017498437639496,0.002976190476190476,0.0,0.35714285714285715,0.2857142857142857,1,0,1,0,1,0,0,0.0,0.0,0.0,0.0,0.02,0,1,0,0,0,1,0,0,0,0,0,0,0,0,1,0,1,0,0,0,0,0,0,0,0,1,0,0,0,0,0,0,0,0,0,0,0,0,0,1,0,0,0,0,0,0,1,0,0,0,0,0,0,0,1,0
0.0004910275868226052,0.0,0.0,0.0,0.14285714285714285,0,0,0,0,1,0,1,0.0,0.0,0.0,0.0,0.0,0,0,0,0,0,0,0,0,0,1,0,1,0,0,0,0,0,0,0,0,0,0,1,0,0,0,0,1,0,0,0,0,0,0,0,1,0,0,0,0,0,0,0,0,0,0,0,1,0,0,1,0,0,0,0,0
0.010579412552450674,0.021825396825396824,0.6,0.0,0.8571428571428571,1,1,1,1,1,0,1,0.0,0.0,0.0,0.0,0.04,0,0,1,1,1,0,0,1,0,0,0,1,0,0,0,0,0,0,0,0,1,0,0,0,0,0,0,0,0,0,0,1,0,0,0,0,0,0,0,1,0,0,1,0,0,0,0,0,0,0,0,0,0,0,1,0
0.0011606106597625212,0.00496031746031746,0.6,0.0,0.42857142857142855,1,1,0,1,0,1,0,0.0,0.0,0.0,0.0,0.0,0,0,0,0,1,0,0,0,1,0,0,0,1,0,0,0,0,0,0,0,0,0,0,0,1,0,0,0,0,0,1,0,0,0,0,0,0,0,0,1,0,0,0,0,0,0,1,0,0,0,0,0,1,0,0,0
0.0,0.0,0.0,0.14285714285714285,0.14285714285714285,0,0,1,0,1,0,0,0.0,0.0,0.0,0.0,0.0,0,0,0,0,0,0,0,1,0,0,0,1,0,0,0,0,0,0,0,0,1,0,0,0,0,1,0,0,0,0,0,0,0,0,0,0,0,0,0,0,1,0,0,0,0,0,0,1,0,1,0,0,0,0,0,0
0.0,0.0,0.0,0.21428571428571427,0.42857142857142855,1,1,0,1,0,1,0,0.0,0.0,0.0,0.0,0.04,0,1,0,0,0,0,0,0,1,0,0,1,0,0,0,0,0,0,0,0,1,0,0,0,0,1,0,0,0,0,0,0,0,0,0,0,0,1,0,0,0,0,0,0,1,0,0,0,0,0,0,0,1,0,0,0
0.09597357378805464,0.008928571428571428,0.0,0.0,0.14285714285714285,0,1,0,0,1,0,0,0.0,0.0,0.0,0.0,0.0,0,0,1,0,1,0,0,0,0,1,0,1,0,0,0,0,0,0,0,0,0,0,1,0,0,0,0,1,0,0,0,0,0,0,0,0,0,1,0,0,0,0,0,0,1,0,0,0,0,0,0,0,1,0,0,0
0.008749218819748238,0.005952380952380952,0.6,0.0,0.2857142857142857,1,1,0,1,0,0,0,0.0,0.0,0.0,0.0,0.02,0,0,0,0,0,0,0,0,1,0,0,0,0,0,1,0,0,1,0,0,0,0,0,0,0,0,0,1,0,0,0,0,0,0,0,0,0,1,0,0,0,0,0,0,1,0,0,0,0,0,0,0,0,0,1,0
0.0,0.0,0.0,0.0,0.2857142857142857,1,1,0,0,1,0,0,0.0,0.0,0.0,0.0,0.0,0,0,0,0,0,0,0,0,1,0,0,0,1,0,0,1,0,0,0,0,0,0,0,0,0,0,1,0,0,0,0,0,0,0,0,0,0,0,0,1,0,0,0,0,0,0,1,0,0,0,0,0,1,0,0,0
0.003213998750111597,0.002976190476190476,0.0,0.21428571428571427,0.2857142857142857,0,1,1,0,1,0,0,0.0,0.0,0.0,0.0,0.0,0,0,0,0,0,0,0,0,1,0,0,0,0,0,1,1,0,0,0,0,0,0,0,0,0,0,0,0,0,0,1,0,0,0,0,0,0,1,0,0,0,0,0,0,1,0,0,0,0,1,0,0,0,0,0,0
4.463887152932774e-05,0.002976190476190476,0.0,0.14285714285714285,0.14285714285714285,1,0,0,0,1,0,0,0.0,0.0,0.0,0.0,0.1,1,0,0,0,0,0,0,0,0,1,0,1,0,0,0,0,0,0,0,0,0,1,0,0,0,0,0,0,1,0,0,0,0,0,0,0,0,0,0,0,1,0,0,0,0,0,1,0,0,0,0,0,0,0,0,1
0.0013391661458798322,0.0,0.0,0.0,0.42857142857142855,0,1,1,1,1,0,0,0.0,0.0,0.0,0.0,0.1,0,1,0,0,0,0,0,0,0,0,1,0,1,0,0,1,0,0,0,0,0,0,0,0,0,0,1,0,0,0,0,0,0,0,0,0,0,1,0,0,0,0,1,0,0,0,0,0,0,0,0,0,1,0,0,0
0.02843496116418177,0.00496031746031746,0.0,0.0,0.14285714285714285,0,0,1,0,1,0,0,0.0,0.0,0.0,0.0,0.02,0,0,0,0,0,0,0,0,1,0,0,1,0,0,0,0,0,0,0,0,0,0,0,0,1,0,0,1,0,0,0,0,0,0,1,0,0,0,0,0,0,0,1,0,0,0,0,0,0,1,0,0,0,0,0,0
0.05450406213730917,0.028769841269841268,0.0,0.21428571428571427,0.5714285714285714,1,1,1,0,1,0,1,0.0,0.5,1.0,0.0,0.0,0,0,0,0,0,0,0,0,1,0,0,0,1,0,0,0,0,0,0,0,1,0,0,0,0,0,1,0,0,0,0,0,0,0,0,0,0,0,1,0,0,0,0,0,0,1,0,0,0,1,0,0,0,0,0,0
0.004419248281403446,0.03869047619047619,0.0,0.0,0.42857142857142855,1,0,1,0,1,1,0,0.25,0.0,0.0,0.0,0.0,0,0,1,0,0,0,0,0,0,1,0,1,0,0,0,0,0,0,0,0,0,0,0,0,1,0,0,0,0,0,0,0,1,0,0,0,0,0,0,0,1,0,0,0,0,0,0,1,0,0,0,0,0,0,0,1
0.012855995000446388,0.001984126984126984,0.0,0.21428571428571427,0.42857142857142855,1,0,1,0,1,1,0,0.0,0.0,0.0,0.0,0.02,0,1,0,0,0,0,0,0,0,1,0,1,0,0,0,0,0,0,0,0,0,0,1,0,0,0,0,1,0,0,0,0,0,0,0,0,0,0,0,1,0,0,0,0,0,0,1,0,1,0,0,0,0,0,0,0
0.022542630122310506,0.037698412698412696,0.0,0.21428571428571427,0.14285714285714285,1,0,0,1,0,0,0,0.0,0.0,0.0,0.0,0.0,0,0,0,0,0,0,0,1,0,0,0,0,0,0,1,0,1,0,0,0,0,0,0,0,0,1,0,0,0,0,0,0,0,0,0,0,0,0,0,1,0,0,0,0,0,0,1,0,0,0,0,0,0,0,1,0
0.0029461655209356307,0.01488095238095238,0.4,0.0,0.42857142857142855,0,1,0,1,0,0,1,0.0,0.0,0.0,0.0,0.0,0,0,1,1,0,0,0,0,0,1,0,1,0,0,0,0,0,0,0,0,0,0,0,0,1,0,0,0,1,0,0,0,0,0,0,0,1,0,0,0,0,0,0,1,0,0,0,0,0,0,0,1,0,0,0,0
0.0,0.0,0.0,0.0,0.8571428571428571,1,1,1,1,1,0,1,0.0,0.5,1.0,0.25,0.0,0,0,1,0,0,0,0,0,1,0,0,0,0,1,0,1,0,0,0,0,0,0,0,0,0,0,1,0,0,0,0,0,0,0,1,0,0,0,0,0,0,0,0,0,0,0,0,1,0,1,0,0,0,0,0,0
0.0,0.0,0.0,0.0,0.5714285714285714,1,1,0,1,1,1,0,0.0,0.0,0.0,0.0,0.04,0,1,0,0,0,1,0,0,0,0,0,0,0,0,1,1,0,0,0,0,0,0,0,0,0,0,1,0,0,0,0,0,0,0,0,0,0,1,0,0,0,0,0,0,1,0,0,0,0,0,0,0,0,0,1,0
0.0,0.0,0.0,0.0,0.42857142857142855,0,0,1,1,1,1,0,0.0,0.0,0.0,0.0,0.0,0,1,0,0,0,1,0,0,0,0,0,0,0,0,1,1,0,0,0,0,0,0,0,0,0,0,1,0,0,0,0,0,0,0,1,0,0,0,0,0,0,0,1,0,0,0,0,0,0,1,0,0,0,0,0,0
0.0,0.0,1.0,0.0,0.42857142857142855,0,1,1,1,1,0,0,0.0,0.0,0.0,0.0,0.0,0,0,1,1,1,1,0,0,0,0,0,0,0,0,1,1,0,0,0,0,0,0,0,0,0,0,1,0,0,0,0,0,0,0,0,0,0,1,0,0,0,0,1,0,0,0,0,0,0,0,0,0,1,0,0,0
0.11186501205249531,0.01984126984126984,0.0,0.21428571428571427,0.42857142857142855,1,1,0,0,1,1,0,0.0,0.0,0.0,0.0,0.0,0,1,0,0,0,0,0,0,1,0,0,1,0,0,0,0,0,0,0,0,0,0,1,0,0,0,0,1,0,0,0,0,0,0,0,0,0,0,0,1,0,0,0,0,0,0,1,0,1,0,0,0,0,0,0,0
0.0028122489063476474,0.0,0.0,0.35714285714285715,0.42857142857142855,1,1,0,1,1,0,0,0.0,0.0,0.0,0.0,0.02,0,0,0,0,0,0,1,0,0,0,0,0,0,0,1,0,0,0,0,0,1,0,0,0,0,0,1,0,0,0,0,0,0,0,0,0,0,0,0,1,0,0,0,0,1,0,0,0,0,0,0,0,1,0,0,0
0.0007588608159985715,0.000992063492063492,0.0,0.35714285714285715,0.8571428571428571,1,0,1,1,1,1,1,0.0,0.0,0.0,0.0,0.0,0,0,1,0,0,0,0,0,1,0,0,0,1,0,0,0,0,0,0,0,0,0,0,0,1,0,1,0,0,0,0,0,0,0,1,0,0,0,0,0,0,0,1,0,0,0,0,0,0,1,0,0,0,0,0,0
0.020087492188197484,0.007936507936507936,0.0,0.0,0.14285714285714285,0,0,1,1,0,0,0,0.0,0.5,0.0,0.0,0.0,0,0,0,0,0,0,0,1,0,0,0,1,0,0,0,0,0,0,0,0,1,0,0,0,0,0,1,0,0,0,0,0,0,0,1,0,0,0,0,0,0,0,1,0,0,0,0,0,0,1,0,0,0,0,0,0
0.0018301937327024373,0.005952380952380952,0.0,0.0,0.14285714285714285,1,0,0,0,1,0,0,0.0,0.5,0.0,0.0,0.0,0,0,0,0,0,0,0,1,0,0,0,1,0,0,0,0,0,0,1,0,0,0,0,0,0,0,1,0,0,0,0,0,0,0,0,0,0,0,0,1,0,0,0,0,0,0,1,0,0,0,0,0,0,0,1,0
0.008258191232925632,0.00992063492063492,0.0,0.21428571428571427,0.42857142857142855,1,1,0,0,1,1,0,0.0,0.0,0.0,0.0,0.04,0,0,0,0,0,0,0,0,0,1,0,1,0,0,0,0,0,0,0,0,0,0,1,0,0,0,0,1,0,0,0,0,0,0,0,0,0,0,0,1,0,0,0,0,0,0,1,0,1,0,0,0,0,0,0,0
0.0016069993750557985,0.017857142857142856,0.0,0.0,0.2857142857142857,1,0,1,0,1,0,0,0.25,0.0,0.0,0.25,0.02,0,0,0,0,0,0,0,0,0,1,0,1,0,0,0,0,0,0,0,0,0,1,0,0,0,0,0,0,1,0,0,0,0,0,0,0,0,0,0,1,0,0,1,0,0,0,0,0,0,0,0,0,0,0,1,0
0.04218373359521471,0.017857142857142856,0.0,0.0,0.42857142857142855,0,1,1,1,0,1,0,0.0,0.0,0.0,0.0,0.0,0,1,0,0,0,0,0,0,1,0,0,0,1,0,0,0,0,0,0,0,0,0,0,0,1,0,0,0,0,0,1,0,0,0,0,0,0,1,0,0,0,0,0,0,1,0,0,0,0,1,0,0,0,0,0,0
0.022944379966074457,0.04861111111111111,0.0,0.35714285714285715,0.2857142857142857,1,0,1,0,1,0,0,0.0,0.0,0.0,0.0,0.0,0,0,0,0,0,0,0,0,0,1,0,1,0,0,0,0,0,0,0,0,0,0,0,0,1,0,0,0,1,0,0,0,0,0,0,0,0,0,0,1,0,0,0,0,0,0,1,0,0,0,0,0,0,0,1,0
0.002544415677171681,0.001984126984126984,0.0,0.35714285714285715,0.42857142857142855,1,1,0,1,1,0,0,0.0,0.0,0.0,0.25,0.02,0,0,0,0,0,0,0,0,1,0,0,1,0,0,0,0,0,1,0,0,0,0,0,0,0,0,0,0,0,0,0,0,1,0,0,0,0,1,0,0,0,0,0,0,0,0,1,0,0,0,0,0,1,0,0,0
4.463887152932774e-05,0.0,0.0,0.0,0.14285714285714285,1,0,0,0,1,0,0,0.0,0.5,0.0,0.25,0.0,0,0,0,0,0,0,0,0,0,0,1,0,1,0,0,0,0,0,0,0,0,0,0,0,1,0,1,0,0,0,0,0,0,0,0,0,0,0,0,1,0,0,0,0,0,0,0,1,0,0,0,0,0,0,1,0
0.0002231943576466387,0.000992063492063492,0.0,0.0,0.2857142857142857,1,0,0,0,1,1,0,0.0,0.0,0.0,0.0,0.0,0,1,0,0,0,0,1,0,0,0,0,0,0,0,1,1,0,0,0,0,0,0,0,0,0,0,1,0,0,0,0,0,0,0,0,0,0,0,0,1,0,0,0,0,0,0,0,1,0,0,0,0,0,0,0,1
0.007320774930809749,0.006944444444444444,0.0,0.0,0.14285714285714285,1,0,0,0,1,0,0,0.25,0.0,0.0,0.0,0.02,1,0,0,0,0,0,0,0,1,0,0,1,0,0,0,0,0,0,0,0,0,0,1,0,0,0,0,1,0,0,0,0,0,0,0,0,0,0,0,1,0,0,0,0,0,0,1,0,0,0,0,0,0,0,1,0
0.03486295866440496,0.044642857142857144,0.0,0.0,0.14285714285714285,1,0,0,0,1,0,0,0.0,0.0,0.0,0.0,0.02,1,0,0,0,0,0,0,0,0,1,0,1,0,0,0,0,0,0,0,0,0,0,0,1,0,0,0,1,0,0,0,0,0,0,0,0,0,0,0,1,0,0,0,0,0,0,1,0,0,0,0,0,0,0,1,0
0.0,0.0,0.0,0.0,0.7142857142857143,1,1,1,1,1,0,1,0.0,0.5,1.0,0.25,0.0,0,0,1,1,0,1,0,0,0,0,0,0,0,0,1,1,0,0,0,0,0,0,0,0,0,0,1,0,0,0,0,0,0,0,1,0,0,0,0,0,0,0,0,0,0,0,0,1,0,1,0,0,0,0,0,0
0.0,0.0,0.0,0.0,0.5714285714285714,1,0,1,1,1,0,0,0.0,0.5,1.0,0.25,0.18,0,0,0,0,0,0,0,0,0,0,1,0,1,0,0,1,0,0,0,0,0,0,0,0,0,0,1,0,0,0,0,0,0,0,1,0,0,0,0,0,0,0,0,0,0,0,0,1,0,1,0,0,0,0,0,0
0.00374966520846353,0.000992063492063492,0.2,0.21428571428571427,0.42857142857142855,1,1,0,0,1,1,0,0.0,0.0,0.0,0.0,0.0,0,0,0,0,0,0,0,0,0,1,0,1,0,0,0,0,0,0,0,0,0,0,1,0,0,0,0,1,0,0,0,0,0,0,0,0,0,1,0,0,0,0,0,0,0,0,1,0,1,0,0,0,0,0,0,0
0.010534773680921346,0.012896825396825396,0.0,0.42857142857142855,0.5714285714285714,1,0,0,1,1,1,0,0.25,0.0,0.0,0.0,0.0,0,0,0,1,0,0,0,0,1,0,0,1,0,0,0,0,0,0,0,0,0,0,0,0,1,0,0,0,0,0,1,0,0,0,0,0,1,0,0,0,0,1,0,0,0,0,0,0,0,0,0,0,0,0,1,0
0.010936523524685295,0.05555555555555555,0.0,0.0,0.2857142857142857,1,0,1,0,1,0,0,0.0,0.5,1.0,0.0,0.0,0,0,0,0,0,0,0,1,0,0,0,0,0,0,1,1,0,0,0,0,0,0,0,0,0,0,1,0,0,0,0,0,0,0,0,0,0,0,0,1,0,0,0,0,0,0,0,1,0,0,0,0,0,0,1,0
0.007945719132220338,0.002976190476190476,0.0,0.6428571428571429,0.2857142857142857,0,0,1,1,1,0,0,0.0,0.0,0.0,0.25,0.02,0,0,0,0,0,0,1,0,0,0,0,0,0,1,0,0,1,0,0,0,0,0,0,0,0,1,0,0,0,0,0,0,0,0,0,0,0,0,0,0,1,0,0,0,0,0,0,1,0,0,0,0,0,0,0,1
0.0,0.0,0.0,0.0,0.7142857142857143,1,1,1,1,1,0,0,0.0,0.0,0.0,0.0,0.0,0,0,1,1,1,1,0,0,0,0,0,0,0,0,1,1,0,0,0,0,0,0,0,0,0,0,1,0,0,0,0,0,0,0,0,0,0,0,0,0,1,0,0,0,0,0,0,1,0,0,0,0,0,0,0,1
0.41795375412909563,0.22916666666666666,0.0,0.9285714285714286,0.2857142857142857,1,0,1,0,1,0,0,0.0,0.0,0.0,0.25,1.0,0,0,0,0,0,1,0,0,0,0,0,0,0,0,1,1,0,0,0,0,0,0,0,0,0,0,1,0,0,0,0,0,0,0,0,0,0,0,0,0,1,0,1,0,0,0,0,0,0,0,0,0,0,0,1,0
1.0,0.2718253968253968,0.0,0.0,0.14285714285714285,1,0,0,1,0,0,0,0.0,0.0,0.0,0.0,0.02,0,0,1,0,0,0,0,0,0,1,0,1,0,0,0,0,0,0,0,1,0,0,0,0,0,0,0,0,0,0,0,1,0,0,0,0,0,0,0,1,0,0,0,0,0,0,1,0,0,0,0,0,0,0,1,0
0.0006695830729399161,0.0,0.0,0.0,0.42857142857142855,1,1,0,1,0,1,0,0.0,0.0,0.0,0.0,0.0,0,1,0,1,0,0,0,0,0,0,1,0,1,0,0,0,0,0,0,0,1,0,0,0,0,0,1,0,0,0,0,0,0,0,0,0,0,0,0,1,0,1,0,0,0,0,0,0,0,0,0,0,1,0,0,0
0.0,0.0,0.4,0.0,0.42857142857142855,1,0,0,1,1,1,0,0.0,0.0,0.0,0.0,0.0,0,0,1,0,0,0,0,1,0,0,0,1,0,0,0,0,0,0,0,0,1,0,0,0,0,1,0,0,0,0,0,0,0,0,0,0,1,0,0,0,0,0,0,1,0,0,0,0,0,0,0,0,0,0,0,1
0.0407106508347469,0.01488095238095238,0.0,0.21428571428571427,0.8571428571428571,1,1,1,1,1,1,1,0.0,0.0,0.0,0.0,0.14,0,0,1,1,0,0,1,0,0,0,0,0,0,0,1,0,1,0,0,0,0,0,0,0,0,1,0,0,0,0,0,0,0,0,0,0,0,0,0,1,0,0,0,1,0,0,0,0,0,0,0,0,0,0,1,0
0.014864744219266137,0.05952380952380952,0.0,0.0,0.14285714285714285,1,0,0,1,0,0,0,0.0,0.0,0.0,0.0,0.02,0,0,0,0,0,0,0,0,0,1,0,1,0,0,0,0,0,0,0,0,0,0,0,0,1,0,0,0,0,0,0,1,0,0,0,0,0,0,0,1,0,0,0,0,0,0,1,0,0,0,0,0,0,0,1,0
0.00013391661458798322,0.0,0.0,0.0,0.2857142857142857,1,0,1,0,1,0,0,0.0,0.0,0.0,0.25,0.1,0,0,0,0,0,0,0,0,0,0,1,0,0,1,0,1,0,0,0,0,0,0,0,0,0,0,1,0,0,0,0,0,0,0,0,0,0,0,0,1,0,0,1,0,0,0,0,0,0,0,0,0,0,0,1,0
0.011427551111507901,0.021825396825396824,0.0,0.21428571428571427,0.42857142857142855,1,0,1,1,1,0,0,0.0,0.0,0.0,0.0,0.02,0,0,0,0,0,0,0,1,0,0,0,1,0,0,0,0,0,0,0,0,1,0,0,0,0,0,0,0,0,0,0,1,0,0,0,0,0,0,0,1,0,0,1,0,0,0,0,0,0,0,0,0,0,0,1,0
0.040398178734041605,0.027777777777777776,0.0,0.0,0.42857142857142855,1,1,0,1,0,0,1,0.25,0.0,0.0,0.0,0.0,0,0,1,1,0,0,0,0,1,0,0,0,1,0,0,0,0,0,0,0,0,0,0,0,1,0,0,0,0,0,1,0,0,0,0,0,0,1,0,0,0,0,0,0,1,0,0,0,0,0,0,0,1,0,0,0
0.033613070261583784,0.005952380952380952,0.6,0.0,0.42857142857142855,1,1,0,0,0,1,1,0.0,0.0,0.0,0.0,0.0,0,0,0,1,0,0,0,0,1,0,0,0,1,0,0,0,0,0,0,0,0,0,0,0,1,0,0,0,0,0,1,0,0,0,0,0,0,1,0,0,0,0,0,0,1,0,0,0,0,0,1,0,0,0,0,0
0.017453798767967144,0.007936507936507936,0.0,0.5,0.5714285714285714,1,1,0,1,1,1,0,0.0,0.0,0.0,0.0,0.02,0,1,1,1,0,0,0,0,1,0,0,0,1,0,0,0,0,0,0,0,0,0,0,0,1,0,0,0,0,0,1,0,0,0,0,0,0,1,0,0,0,0,0,0,1,0,0,0,0,0,0,0,1,0,0,0
